p_name,name,type,zone,value
cl_factor_01_SFLN2,cl_factor_01,chanloss,SFLN2,0.331960659225224
cl_factor_02_SFLN2,cl_factor_02,chanloss,SFLN2,0.38707641061714
cl_factor_03_SFLN2,cl_factor_03,chanloss,SFLN2,0.372700265454441
cl_factor_04_SFLN2,cl_factor_04,chanloss,SFLN2,0.516476032709907
cl_factor_05_SFLN2,cl_factor_05,chanloss,SFLN2,0.67026805267848
cl_factor_06_SFLN2,cl_factor_06,chanloss,SFLN2,0.689583762269582
cl_factor_07_SFLN2,cl_factor_07,chanloss,SFLN2,0.5546720146895
cl_factor_08_SFLN2,cl_factor_08,chanloss,SFLN2,0.344779640944104
cl_factor_09_SFLN2,cl_factor_09,chanloss,SFLN2,0.290934581871004
cl_factor_10_SFLN2,cl_factor_10,chanloss,SFLN2,0.405208242022915
cl_factor_11_SFLN2,cl_factor_11,chanloss,SFLN2,0.326590663242097
cl_factor_12_SFLN2,cl_factor_12,chanloss,SFLN2,0.309033938581531
cl_min_q_SFLN2,cl_min_q,chanloss,SFLN2,0
cl_period_end_01_SFLN2,cl_period_end_01,chanloss,SFLN2,1
cl_period_end_02_SFLN2,cl_period_end_02,chanloss,SFLN2,2
cl_period_end_03_SFLN2,cl_period_end_03,chanloss,SFLN2,3
cl_period_end_04_SFLN2,cl_period_end_04,chanloss,SFLN2,4
cl_period_end_05_SFLN2,cl_period_end_05,chanloss,SFLN2,5
cl_period_end_06_SFLN2,cl_period_end_06,chanloss,SFLN2,6
cl_period_end_07_SFLN2,cl_period_end_07,chanloss,SFLN2,7
cl_period_end_08_SFLN2,cl_period_end_08,chanloss,SFLN2,8
cl_period_end_09_SFLN2,cl_period_end_09,chanloss,SFLN2,9
cl_period_end_10_SFLN2,cl_period_end_10,chanloss,SFLN2,10
cl_period_end_11_SFLN2,cl_period_end_11,chanloss,SFLN2,11
cl_period_end_12_SFLN2,cl_period_end_12,chanloss,SFLN2,12
cl_period_start_01_SFLN2,cl_period_start_01,chanloss,SFLN2,1
cl_period_start_02_SFLN2,cl_period_start_02,chanloss,SFLN2,2
cl_period_start_03_SFLN2,cl_period_start_03,chanloss,SFLN2,3
cl_period_start_04_SFLN2,cl_period_start_04,chanloss,SFLN2,4
cl_period_start_05_SFLN2,cl_period_start_05,chanloss,SFLN2,5
cl_period_start_06_SFLN2,cl_period_start_06,chanloss,SFLN2,6
cl_period_start_07_SFLN2,cl_period_start_07,chanloss,SFLN2,7
cl_period_start_08_SFLN2,cl_period_start_08,chanloss,SFLN2,8
cl_period_start_09_SFLN2,cl_period_start_09,chanloss,SFLN2,9
cl_period_start_10_SFLN2,cl_period_start_10,chanloss,SFLN2,10
cl_period_start_11_SFLN2,cl_period_start_11,chanloss,SFLN2,11
cl_period_start_12_SFLN2,cl_period_start_12,chanloss,SFLN2,12
cl_type_SFLN2,cl_type,chanloss,SFLN2,1
map_p_redist_SFLN2,map_p_redist,fa,SFLN2,0.229147277473608
map_scale_SFLN2,map_scale,fa,SFLN2,0.564450902625519
map_shift_SFLN2,map_shift,fa,SFLN2,4.732909186203
map_std_SFLN2,map_std,fa,SFLN2,2.11122896949001
mat_p_redist_SFLN2,mat_p_redist,fa,SFLN2,0.0188446051809975
mat_scale_SFLN2,mat_scale,fa,SFLN2,0.687478312918085
mat_shift_SFLN2,mat_shift,fa,SFLN2,6.060799824845
mat_std_SFLN2,mat_std,fa,SFLN2,14.024116845463
n_clmods_SFLN2,n_clmods,chanloss,SFLN2,12
pet_p_redist_SFLN2,pet_p_redist,fa,SFLN2,0.095547267868722
pet_scale_SFLN2,pet_scale,fa,SFLN2,1.17729377559625
pet_shift_SFLN2,pet_shift,fa,SFLN2,14.4218414918691
pet_std_SFLN2,pet_std,fa,SFLN2,8.43829701473021
ptps_p_redist_SFLN2,ptps_p_redist,fa,SFLN2,0.119478955419594
ptps_scale_SFLN2,ptps_scale,fa,SFLN2,1.26085390587092
ptps_shift_SFLN2,ptps_shift,fa,SFLN2,3.34168870153456
ptps_std_SFLN2,ptps_std,fa,SFLN2,10.5129988950039
adc_a_SFLN2-1,adc_a,snow,SFLN2-1,0.0773384094345443
adc_b_SFLN2-1,adc_b,snow,SFLN2-1,46.792654884983
adc_c_SFLN2-1,adc_c,snow,SFLN2-1,0.8338499357898
adimp_SFLN2-1,adimp,sac,SFLN2-1,0.0342101201687306
alat_SFLN2-1,alat,snow,SFLN2-1,41.808
daygm_SFLN2-1,daygm,snow,SFLN2-1,0
efc_SFLN2-1,efc,sac,SFLN2-1,0.00193053985246
elev_SFLN2-1,elev,snow,SFLN2-1,1873.612
init_swe_SFLN2-1,init_swe,snow,SFLN2-1,0
lzfpm_SFLN2-1,lzfpm,sac,SFLN2-1,134.722212033179
lzfsm_SFLN2-1,lzfsm,sac,SFLN2-1,139.638585478692
lzpk_SFLN2-1,lzpk,sac,SFLN2-1,0.00101353493375327
lzsk_SFLN2-1,lzsk,sac,SFLN2-1,0.0437042029572783
lztwm_SFLN2-1,lztwm,sac,SFLN2-1,260.920684996572
map_lower_01_SFLN2-1,map_lower_01,fa_limit,SFLN2-1,21.1186600153846
map_lower_02_SFLN2-1,map_lower_02,fa_limit,SFLN2-1,16.8593203384615
map_lower_03_SFLN2-1,map_lower_03,fa_limit,SFLN2-1,23.7412295538462
map_lower_04_SFLN2-1,map_lower_04,fa_limit,SFLN2-1,25.886385972973
map_lower_05_SFLN2-1,map_lower_05,fa_limit,SFLN2-1,34.1428619189189
map_lower_06_SFLN2-1,map_lower_06,fa_limit,SFLN2-1,17.9347388594595
map_lower_07_SFLN2-1,map_lower_07,fa_limit,SFLN2-1,7.4412450972973
map_lower_08_SFLN2-1,map_lower_08,fa_limit,SFLN2-1,7.11749807027027
map_lower_09_SFLN2-1,map_lower_09,fa_limit,SFLN2-1,12.5639486756757
map_lower_10_SFLN2-1,map_lower_10,fa_limit,SFLN2-1,19.163488572973
map_lower_11_SFLN2-1,map_lower_11,fa_limit,SFLN2-1,24.8394654473684
map_lower_12_SFLN2-1,map_lower_12,fa_limit,SFLN2-1,24.3580579105263
map_upper_01_SFLN2-1,map_upper_01,fa_limit,SFLN2-1,46.1972377777778
map_upper_02_SFLN2-1,map_upper_02,fa_limit,SFLN2-1,34.2668577777778
map_upper_03_SFLN2-1,map_upper_03,fa_limit,SFLN2-1,44.1365529282051
map_upper_04_SFLN2-1,map_upper_04,fa_limit,SFLN2-1,55.7844738564103
map_upper_05_SFLN2-1,map_upper_05,fa_limit,SFLN2-1,61.4767402051282
map_upper_06_SFLN2-1,map_upper_06,fa_limit,SFLN2-1,33.5465980102564
map_upper_07_SFLN2-1,map_upper_07,fa_limit,SFLN2-1,18.4094510769231
map_upper_08_SFLN2-1,map_upper_08,fa_limit,SFLN2-1,20.4700404051282
map_upper_09_SFLN2-1,map_upper_09,fa_limit,SFLN2-1,27.2808739076923
map_upper_10_SFLN2-1,map_upper_10,fa_limit,SFLN2-1,30.772735
map_upper_11_SFLN2-1,map_upper_11,fa_limit,SFLN2-1,40.0937823578947
map_upper_12_SFLN2-1,map_upper_12,fa_limit,SFLN2-1,48.955325
mat_lower_01_SFLN2-1,mat_lower_01,fa_limit,SFLN2-1,-5.53384615384615
mat_lower_02_SFLN2-1,mat_lower_02,fa_limit,SFLN2-1,-4.18961538461538
mat_lower_03_SFLN2-1,mat_lower_03,fa_limit,SFLN2-1,0.0288461538461546
mat_lower_04_SFLN2-1,mat_lower_04,fa_limit,SFLN2-1,3.31781635802472
mat_lower_05_SFLN2-1,mat_lower_05,fa_limit,SFLN2-1,7.74303614097978
mat_lower_06_SFLN2-1,mat_lower_06,fa_limit,SFLN2-1,12.4382947530863
mat_lower_07_SFLN2-1,mat_lower_07,fa_limit,SFLN2-1,16.891875
mat_lower_08_SFLN2-1,mat_lower_08,fa_limit,SFLN2-1,16.227
mat_lower_09_SFLN2-1,mat_lower_09,fa_limit,SFLN2-1,11.6876381172839
mat_lower_10_SFLN2-1,mat_lower_10,fa_limit,SFLN2-1,5.58186858504401
mat_lower_11_SFLN2-1,mat_lower_11,fa_limit,SFLN2-1,-0.320858585858662
mat_lower_12_SFLN2-1,mat_lower_12,fa_limit,SFLN2-1,-5.11342105263158
mat_upper_01_SFLN2-1,mat_upper_01,fa_limit,SFLN2-1,-3.87605263157895
mat_upper_02_SFLN2-1,mat_upper_02,fa_limit,SFLN2-1,-2.16236842105263
mat_upper_03_SFLN2-1,mat_upper_03,fa_limit,SFLN2-1,1.85118421052632
mat_upper_04_SFLN2-1,mat_upper_04,fa_limit,SFLN2-1,5.40736842105263
mat_upper_05_SFLN2-1,mat_upper_05,fa_limit,SFLN2-1,11.4329487179487
mat_upper_06_SFLN2-1,mat_upper_06,fa_limit,SFLN2-1,18.0724358974359
mat_upper_07_SFLN2-1,mat_upper_07,fa_limit,SFLN2-1,24.188717948718
mat_upper_08_SFLN2-1,mat_upper_08,fa_limit,SFLN2-1,23.2523076923077
mat_upper_09_SFLN2-1,mat_upper_09,fa_limit,SFLN2-1,17.1769230769231
mat_upper_10_SFLN2-1,mat_upper_10,fa_limit,SFLN2-1,9.18934210526316
mat_upper_11_SFLN2-1,mat_upper_11,fa_limit,SFLN2-1,0.665789473684211
mat_upper_12_SFLN2-1,mat_upper_12,fa_limit,SFLN2-1,-3.77328947368421
mbase_SFLN2-1,mbase,snow,SFLN2-1,0
mfmax_SFLN2-1,mfmax,snow,SFLN2-1,1.08635857647508
mfmin_SFLN2-1,mfmin,snow,SFLN2-1,0.37625453810992
nmf_SFLN2-1,nmf,snow,SFLN2-1,0.15
pctim_SFLN2-1,pctim,sac,SFLN2-1,0.00174886046158865
peadj_SFLN2-1,peadj,sac,SFLN2-1,1
peadj_01_SFLN2-1,peadj_01,sac,SFLN2-1,0.2
peadj_02_SFLN2-1,peadj_02,sac,SFLN2-1,0.2
peadj_03_SFLN2-1,peadj_03,sac,SFLN2-1,0.2
peadj_04_SFLN2-1,peadj_04,sac,SFLN2-1,0.2
peadj_05_SFLN2-1,peadj_05,sac,SFLN2-1,0.3111
peadj_06_SFLN2-1,peadj_06,sac,SFLN2-1,0.3
peadj_07_SFLN2-1,peadj_07,sac,SFLN2-1,0.2042
peadj_08_SFLN2-1,peadj_08,sac,SFLN2-1,0.2
peadj_09_SFLN2-1,peadj_09,sac,SFLN2-1,0.2
peadj_10_SFLN2-1,peadj_10,sac,SFLN2-1,0.2
peadj_11_SFLN2-1,peadj_11,sac,SFLN2-1,0.2
peadj_12_SFLN2-1,peadj_12,sac,SFLN2-1,0.2
pet_lower_01_SFLN2-1,pet_lower_01,fa_limit,SFLN2-1,0.668301146450526
pet_lower_02_SFLN2-1,pet_lower_02,fa_limit,SFLN2-1,2.78102056097564
pet_lower_03_SFLN2-1,pet_lower_03,fa_limit,SFLN2-1,22.1596759341692
pet_lower_04_SFLN2-1,pet_lower_04,fa_limit,SFLN2-1,41.1790975716923
pet_lower_05_SFLN2-1,pet_lower_05,fa_limit,SFLN2-1,67.8198657863077
pet_lower_06_SFLN2-1,pet_lower_06,fa_limit,SFLN2-1,86.5287920658462
pet_lower_07_SFLN2-1,pet_lower_07,fa_limit,SFLN2-1,103.511404590462
pet_lower_08_SFLN2-1,pet_lower_08,fa_limit,SFLN2-1,85.3345803904615
pet_lower_09_SFLN2-1,pet_lower_09,fa_limit,SFLN2-1,49.7204255584616
pet_lower_10_SFLN2-1,pet_lower_10,fa_limit,SFLN2-1,17.7616077388615
pet_lower_11_SFLN2-1,pet_lower_11,fa_limit,SFLN2-1,2.92084184436
pet_lower_12_SFLN2-1,pet_lower_12,fa_limit,SFLN2-1,0.0323952907951611
pet_upper_01_SFLN2-1,pet_upper_01,fa_limit,SFLN2-1,16.5565329723081
pet_upper_02_SFLN2-1,pet_upper_02,fa_limit,SFLN2-1,25.0310770485243
pet_upper_03_SFLN2-1,pet_upper_03,fa_limit,SFLN2-1,50.8474242438919
pet_upper_04_SFLN2-1,pet_upper_04,fa_limit,SFLN2-1,98.0012675012105
pet_upper_05_SFLN2-1,pet_upper_05,fa_limit,SFLN2-1,149.460410194526
pet_upper_06_SFLN2-1,pet_upper_06,fa_limit,SFLN2-1,189.537019084368
pet_upper_07_SFLN2-1,pet_upper_07,fa_limit,SFLN2-1,228.857608410895
pet_upper_08_SFLN2-1,pet_upper_08,fa_limit,SFLN2-1,210.225012239
pet_upper_09_SFLN2-1,pet_upper_09,fa_limit,SFLN2-1,152.293153710211
pet_upper_10_SFLN2-1,pet_upper_10,fa_limit,SFLN2-1,98.5738299364211
pet_upper_11_SFLN2-1,pet_upper_11,fa_limit,SFLN2-1,31.2502667517137
pet_upper_12_SFLN2-1,pet_upper_12,fa_limit,SFLN2-1,14.9213183341444
pfree_SFLN2-1,pfree,sac,SFLN2-1,0.211602838437474
plwhc_SFLN2-1,plwhc,snow,SFLN2-1,0.04
ptps_lower_01_SFLN2-1,ptps_lower_01,fa_limit,SFLN2-1,0.697481538461539
ptps_lower_02_SFLN2-1,ptps_lower_02,fa_limit,SFLN2-1,0.651962307692308
ptps_lower_03_SFLN2-1,ptps_lower_03,fa_limit,SFLN2-1,0.463396153846154
ptps_lower_04_SFLN2-1,ptps_lower_04,fa_limit,SFLN2-1,0.258856153846154
ptps_lower_05_SFLN2-1,ptps_lower_05,fa_limit,SFLN2-1,0.0618784615384615
ptps_lower_06_SFLN2-1,ptps_lower_06,fa_limit,SFLN2-1,0.00641307692307692
ptps_lower_07_SFLN2-1,ptps_lower_07,fa_limit,SFLN2-1,0
ptps_lower_08_SFLN2-1,ptps_lower_08,fa_limit,SFLN2-1,0
ptps_lower_09_SFLN2-1,ptps_lower_09,fa_limit,SFLN2-1,0.00785076923076923
ptps_lower_10_SFLN2-1,ptps_lower_10,fa_limit,SFLN2-1,0.124893947368421
ptps_lower_11_SFLN2-1,ptps_lower_11,fa_limit,SFLN2-1,0.475998157894737
ptps_lower_12_SFLN2-1,ptps_lower_12,fa_limit,SFLN2-1,0.697995
ptps_upper_01_SFLN2-1,ptps_upper_01,fa_limit,SFLN2-1,0.973294728483287
ptps_upper_02_SFLN2-1,ptps_upper_02,fa_limit,SFLN2-1,0.898859461054285
ptps_upper_03_SFLN2-1,ptps_upper_03,fa_limit,SFLN2-1,0.782672341696535
ptps_upper_04_SFLN2-1,ptps_upper_04,fa_limit,SFLN2-1,0.59037577160494
ptps_upper_05_SFLN2-1,ptps_upper_05,fa_limit,SFLN2-1,0.26820516726404
ptps_upper_06_SFLN2-1,ptps_upper_06,fa_limit,SFLN2-1,0.0860746604938265
ptps_upper_07_SFLN2-1,ptps_upper_07,fa_limit,SFLN2-1,0.0141636499402628
ptps_upper_08_SFLN2-1,ptps_upper_08,fa_limit,SFLN2-1,0.0259521804062126
ptps_upper_09_SFLN2-1,ptps_upper_09,fa_limit,SFLN2-1,0.148411049382715
ptps_upper_10_SFLN2-1,ptps_upper_10,fa_limit,SFLN2-1,0.443344422043012
ptps_upper_11_SFLN2-1,ptps_upper_11,fa_limit,SFLN2-1,0.784517361111113
ptps_upper_12_SFLN2-1,ptps_upper_12,fa_limit,SFLN2-1,0.972477486559138
pxadj_SFLN2-1,pxadj,sac,SFLN2-1,1
rexp_SFLN2-1,rexp,sac,SFLN2-1,1.36622976847777
riva_SFLN2-1,riva,sac,SFLN2-1,0.00156915071751543
rserv_SFLN2-1,rserv,sac,SFLN2-1,0.3
scf_SFLN2-1,scf,snow,SFLN2-1,0.830279924529842
si_SFLN2-1,si,snow,SFLN2-1,4725.78170213785
side_SFLN2-1,side,sac,SFLN2-1,0
tipm_SFLN2-1,tipm,snow,SFLN2-1,0.12
uadj_SFLN2-1,uadj,snow,SFLN2-1,0.0879200006082633
unit_shape_SFLN2-1,unit_shape,uh,SFLN2-1,2.90109352264508
unit_toc_SFLN2-1,unit_toc,uh,SFLN2-1,71.75181858
unit_toc_adj_SFLN2-1,unit_toc_adj,uh,SFLN2-1,1.24222941514418
uzfwm_SFLN2-1,uzfwm,sac,SFLN2-1,77.1635242127765
uzk_SFLN2-1,uzk,sac,SFLN2-1,0.35269065994257
uztwm_SFLN2-1,uztwm,sac,SFLN2-1,106.02783164511
zone_area_SFLN2-1,zone_area,uh,SFLN2-1,2945.305
zperc_SFLN2-1,zperc,sac,SFLN2-1,194.117579260321
adc_a_SFLN2-2,adc_a,snow,SFLN2-2,0.0904722246891187
adc_b_SFLN2-2,adc_b,snow,SFLN2-2,34.1260038368943
adc_c_SFLN2-2,adc_c,snow,SFLN2-2,1.06678914713258
adimp_SFLN2-2,adimp,sac,SFLN2-2,0.000780932634163394
alat_SFLN2-2,alat,snow,SFLN2-2,41.855
daygm_SFLN2-2,daygm,snow,SFLN2-2,0
efc_SFLN2-2,efc,sac,SFLN2-2,0.0195436319341
elev_SFLN2-2,elev,snow,SFLN2-2,2258.806
init_swe_SFLN2-2,init_swe,snow,SFLN2-2,0
lzfpm_SFLN2-2,lzfpm,sac,SFLN2-2,540.635056993068
lzfsm_SFLN2-2,lzfsm,sac,SFLN2-2,94.3855479006271
lzpk_SFLN2-2,lzpk,sac,SFLN2-2,0.00115653104452684
lzsk_SFLN2-2,lzsk,sac,SFLN2-2,0.0974145816721214
lztwm_SFLN2-2,lztwm,sac,SFLN2-2,106.037713007223
map_lower_01_SFLN2-2,map_lower_01,fa_limit,SFLN2-2,21.1186600153846
map_lower_02_SFLN2-2,map_lower_02,fa_limit,SFLN2-2,16.8593203384615
map_lower_03_SFLN2-2,map_lower_03,fa_limit,SFLN2-2,23.7412295538462
map_lower_04_SFLN2-2,map_lower_04,fa_limit,SFLN2-2,25.886385972973
map_lower_05_SFLN2-2,map_lower_05,fa_limit,SFLN2-2,34.1428619189189
map_lower_06_SFLN2-2,map_lower_06,fa_limit,SFLN2-2,17.9347388594595
map_lower_07_SFLN2-2,map_lower_07,fa_limit,SFLN2-2,7.4412450972973
map_lower_08_SFLN2-2,map_lower_08,fa_limit,SFLN2-2,7.11749807027027
map_lower_09_SFLN2-2,map_lower_09,fa_limit,SFLN2-2,12.5639486756757
map_lower_10_SFLN2-2,map_lower_10,fa_limit,SFLN2-2,19.163488572973
map_lower_11_SFLN2-2,map_lower_11,fa_limit,SFLN2-2,24.8394654473684
map_lower_12_SFLN2-2,map_lower_12,fa_limit,SFLN2-2,24.3580579105263
map_upper_01_SFLN2-2,map_upper_01,fa_limit,SFLN2-2,46.1972377777778
map_upper_02_SFLN2-2,map_upper_02,fa_limit,SFLN2-2,34.2668577777778
map_upper_03_SFLN2-2,map_upper_03,fa_limit,SFLN2-2,44.1365529282051
map_upper_04_SFLN2-2,map_upper_04,fa_limit,SFLN2-2,55.7844738564103
map_upper_05_SFLN2-2,map_upper_05,fa_limit,SFLN2-2,61.4767402051282
map_upper_06_SFLN2-2,map_upper_06,fa_limit,SFLN2-2,33.5465980102564
map_upper_07_SFLN2-2,map_upper_07,fa_limit,SFLN2-2,18.4094510769231
map_upper_08_SFLN2-2,map_upper_08,fa_limit,SFLN2-2,20.4700404051282
map_upper_09_SFLN2-2,map_upper_09,fa_limit,SFLN2-2,27.2808739076923
map_upper_10_SFLN2-2,map_upper_10,fa_limit,SFLN2-2,30.772735
map_upper_11_SFLN2-2,map_upper_11,fa_limit,SFLN2-2,40.0937823578947
map_upper_12_SFLN2-2,map_upper_12,fa_limit,SFLN2-2,48.955325
mat_lower_01_SFLN2-2,mat_lower_01,fa_limit,SFLN2-2,-5.53384615384615
mat_lower_02_SFLN2-2,mat_lower_02,fa_limit,SFLN2-2,-4.18961538461538
mat_lower_03_SFLN2-2,mat_lower_03,fa_limit,SFLN2-2,0.0288461538461546
mat_lower_04_SFLN2-2,mat_lower_04,fa_limit,SFLN2-2,3.31781635802472
mat_lower_05_SFLN2-2,mat_lower_05,fa_limit,SFLN2-2,7.74303614097978
mat_lower_06_SFLN2-2,mat_lower_06,fa_limit,SFLN2-2,12.4382947530863
mat_lower_07_SFLN2-2,mat_lower_07,fa_limit,SFLN2-2,16.891875
mat_lower_08_SFLN2-2,mat_lower_08,fa_limit,SFLN2-2,16.227
mat_lower_09_SFLN2-2,mat_lower_09,fa_limit,SFLN2-2,11.6876381172839
mat_lower_10_SFLN2-2,mat_lower_10,fa_limit,SFLN2-2,5.58186858504401
mat_lower_11_SFLN2-2,mat_lower_11,fa_limit,SFLN2-2,-0.320858585858662
mat_lower_12_SFLN2-2,mat_lower_12,fa_limit,SFLN2-2,-5.11342105263158
mat_upper_01_SFLN2-2,mat_upper_01,fa_limit,SFLN2-2,-3.87605263157895
mat_upper_02_SFLN2-2,mat_upper_02,fa_limit,SFLN2-2,-2.16236842105263
mat_upper_03_SFLN2-2,mat_upper_03,fa_limit,SFLN2-2,1.85118421052632
mat_upper_04_SFLN2-2,mat_upper_04,fa_limit,SFLN2-2,5.40736842105263
mat_upper_05_SFLN2-2,mat_upper_05,fa_limit,SFLN2-2,11.4329487179487
mat_upper_06_SFLN2-2,mat_upper_06,fa_limit,SFLN2-2,18.0724358974359
mat_upper_07_SFLN2-2,mat_upper_07,fa_limit,SFLN2-2,24.188717948718
mat_upper_08_SFLN2-2,mat_upper_08,fa_limit,SFLN2-2,23.2523076923077
mat_upper_09_SFLN2-2,mat_upper_09,fa_limit,SFLN2-2,17.1769230769231
mat_upper_10_SFLN2-2,mat_upper_10,fa_limit,SFLN2-2,9.18934210526316
mat_upper_11_SFLN2-2,mat_upper_11,fa_limit,SFLN2-2,0.665789473684211
mat_upper_12_SFLN2-2,mat_upper_12,fa_limit,SFLN2-2,-3.77328947368421
mbase_SFLN2-2,mbase,snow,SFLN2-2,0
mfmax_SFLN2-2,mfmax,snow,SFLN2-2,0.768878911149338
mfmin_SFLN2-2,mfmin,snow,SFLN2-2,0.211533669516382
nmf_SFLN2-2,nmf,snow,SFLN2-2,0.15
pctim_SFLN2-2,pctim,sac,SFLN2-2,0.00110239744281494
peadj_SFLN2-2,peadj,sac,SFLN2-2,1
peadj_01_SFLN2-2,peadj_01,sac,SFLN2-2,0.2
peadj_02_SFLN2-2,peadj_02,sac,SFLN2-2,0.2
peadj_03_SFLN2-2,peadj_03,sac,SFLN2-2,0.2
peadj_04_SFLN2-2,peadj_04,sac,SFLN2-2,0.2
peadj_05_SFLN2-2,peadj_05,sac,SFLN2-2,0.3962
peadj_06_SFLN2-2,peadj_06,sac,SFLN2-2,0.5489
peadj_07_SFLN2-2,peadj_07,sac,SFLN2-2,0.4513
peadj_08_SFLN2-2,peadj_08,sac,SFLN2-2,0.3491
peadj_09_SFLN2-2,peadj_09,sac,SFLN2-2,0.2874
peadj_10_SFLN2-2,peadj_10,sac,SFLN2-2,0.2203
peadj_11_SFLN2-2,peadj_11,sac,SFLN2-2,0.2
peadj_12_SFLN2-2,peadj_12,sac,SFLN2-2,0.2
pet_lower_01_SFLN2-2,pet_lower_01,fa_limit,SFLN2-2,0.668301146450526
pet_lower_02_SFLN2-2,pet_lower_02,fa_limit,SFLN2-2,2.78102056097564
pet_lower_03_SFLN2-2,pet_lower_03,fa_limit,SFLN2-2,22.1596759341692
pet_lower_04_SFLN2-2,pet_lower_04,fa_limit,SFLN2-2,41.1790975716923
pet_lower_05_SFLN2-2,pet_lower_05,fa_limit,SFLN2-2,67.8198657863077
pet_lower_06_SFLN2-2,pet_lower_06,fa_limit,SFLN2-2,86.5287920658462
pet_lower_07_SFLN2-2,pet_lower_07,fa_limit,SFLN2-2,103.511404590462
pet_lower_08_SFLN2-2,pet_lower_08,fa_limit,SFLN2-2,85.3345803904615
pet_lower_09_SFLN2-2,pet_lower_09,fa_limit,SFLN2-2,49.7204255584616
pet_lower_10_SFLN2-2,pet_lower_10,fa_limit,SFLN2-2,17.7616077388615
pet_lower_11_SFLN2-2,pet_lower_11,fa_limit,SFLN2-2,2.92084184436
pet_lower_12_SFLN2-2,pet_lower_12,fa_limit,SFLN2-2,0.0323952907951611
pet_upper_01_SFLN2-2,pet_upper_01,fa_limit,SFLN2-2,16.5565329723081
pet_upper_02_SFLN2-2,pet_upper_02,fa_limit,SFLN2-2,25.0310770485243
pet_upper_03_SFLN2-2,pet_upper_03,fa_limit,SFLN2-2,50.8474242438919
pet_upper_04_SFLN2-2,pet_upper_04,fa_limit,SFLN2-2,98.0012675012105
pet_upper_05_SFLN2-2,pet_upper_05,fa_limit,SFLN2-2,149.460410194526
pet_upper_06_SFLN2-2,pet_upper_06,fa_limit,SFLN2-2,189.537019084368
pet_upper_07_SFLN2-2,pet_upper_07,fa_limit,SFLN2-2,228.857608410895
pet_upper_08_SFLN2-2,pet_upper_08,fa_limit,SFLN2-2,210.225012239
pet_upper_09_SFLN2-2,pet_upper_09,fa_limit,SFLN2-2,152.293153710211
pet_upper_10_SFLN2-2,pet_upper_10,fa_limit,SFLN2-2,98.5738299364211
pet_upper_11_SFLN2-2,pet_upper_11,fa_limit,SFLN2-2,31.2502667517137
pet_upper_12_SFLN2-2,pet_upper_12,fa_limit,SFLN2-2,14.9213183341444
pfree_SFLN2-2,pfree,sac,SFLN2-2,0.504484816706974
plwhc_SFLN2-2,plwhc,snow,SFLN2-2,0.04
ptps_lower_01_SFLN2-2,ptps_lower_01,fa_limit,SFLN2-2,0.697481538461539
ptps_lower_02_SFLN2-2,ptps_lower_02,fa_limit,SFLN2-2,0.651962307692308
ptps_lower_03_SFLN2-2,ptps_lower_03,fa_limit,SFLN2-2,0.463396153846154
ptps_lower_04_SFLN2-2,ptps_lower_04,fa_limit,SFLN2-2,0.258856153846154
ptps_lower_05_SFLN2-2,ptps_lower_05,fa_limit,SFLN2-2,0.0618784615384615
ptps_lower_06_SFLN2-2,ptps_lower_06,fa_limit,SFLN2-2,0.00641307692307692
ptps_lower_07_SFLN2-2,ptps_lower_07,fa_limit,SFLN2-2,0
ptps_lower_08_SFLN2-2,ptps_lower_08,fa_limit,SFLN2-2,0
ptps_lower_09_SFLN2-2,ptps_lower_09,fa_limit,SFLN2-2,0.00785076923076923
ptps_lower_10_SFLN2-2,ptps_lower_10,fa_limit,SFLN2-2,0.124893947368421
ptps_lower_11_SFLN2-2,ptps_lower_11,fa_limit,SFLN2-2,0.475998157894737
ptps_lower_12_SFLN2-2,ptps_lower_12,fa_limit,SFLN2-2,0.697995
ptps_upper_01_SFLN2-2,ptps_upper_01,fa_limit,SFLN2-2,0.973294728483287
ptps_upper_02_SFLN2-2,ptps_upper_02,fa_limit,SFLN2-2,0.898859461054285
ptps_upper_03_SFLN2-2,ptps_upper_03,fa_limit,SFLN2-2,0.782672341696535
ptps_upper_04_SFLN2-2,ptps_upper_04,fa_limit,SFLN2-2,0.59037577160494
ptps_upper_05_SFLN2-2,ptps_upper_05,fa_limit,SFLN2-2,0.26820516726404
ptps_upper_06_SFLN2-2,ptps_upper_06,fa_limit,SFLN2-2,0.0860746604938265
ptps_upper_07_SFLN2-2,ptps_upper_07,fa_limit,SFLN2-2,0.0141636499402628
ptps_upper_08_SFLN2-2,ptps_upper_08,fa_limit,SFLN2-2,0.0259521804062126
ptps_upper_09_SFLN2-2,ptps_upper_09,fa_limit,SFLN2-2,0.148411049382715
ptps_upper_10_SFLN2-2,ptps_upper_10,fa_limit,SFLN2-2,0.443344422043012
ptps_upper_11_SFLN2-2,ptps_upper_11,fa_limit,SFLN2-2,0.784517361111113
ptps_upper_12_SFLN2-2,ptps_upper_12,fa_limit,SFLN2-2,0.972477486559138
pxadj_SFLN2-2,pxadj,sac,SFLN2-2,1
rexp_SFLN2-2,rexp,sac,SFLN2-2,1.17017111248385
riva_SFLN2-2,riva,sac,SFLN2-2,0.0471501065826607
rserv_SFLN2-2,rserv,sac,SFLN2-2,0.3
scf_SFLN2-2,scf,snow,SFLN2-2,1.49913329089512
si_SFLN2-2,si,snow,SFLN2-2,1879.08177083378
side_SFLN2-2,side,sac,SFLN2-2,0
tipm_SFLN2-2,tipm,snow,SFLN2-2,0.12
uadj_SFLN2-2,uadj,snow,SFLN2-2,0.0902938084152139
unit_shape_SFLN2-2,unit_shape,uh,SFLN2-2,3.06576018337299
unit_toc_SFLN2-2,unit_toc,uh,SFLN2-2,49.19409722
unit_toc_adj_SFLN2-2,unit_toc_adj,uh,SFLN2-2,1.20430369147788
uzfwm_SFLN2-2,uzfwm,sac,SFLN2-2,54.7968351764724
uzk_SFLN2-2,uzk,sac,SFLN2-2,0.118496876334607
uztwm_SFLN2-2,uztwm,sac,SFLN2-2,82.5231312213632
zone_area_SFLN2-2,zone_area,uh,SFLN2-2,615.462
zperc_SFLN2-2,zperc,sac,SFLN2-2,185.907352645701
adc_a_SFLN2-CU,adc_a,snow,SFLN2-CU,0.0773384094345443
adc_b_SFLN2-CU,adc_b,snow,SFLN2-CU,46.792654884983
adc_c_SFLN2-CU,adc_c,snow,SFLN2-CU,0.8338499357898
adimp_SFLN2-CU,adimp,sac,SFLN2-CU,0.0342101201687306
alat_SFLN2-CU,alat,snow,SFLN2-CU,41.808
area_km2_SFLN2-CU,area_km2,consuse,SFLN2-CU,74
daygm_SFLN2-CU,daygm,snow,SFLN2-CU,0
efc_SFLN2-CU,efc,sac,SFLN2-CU,0.00193053985246
elev_SFLN2-CU,elev,snow,SFLN2-CU,1873.612
init_swe_SFLN2-CU,init_swe,snow,SFLN2-CU,0
irr_eff_SFLN2-CU,irr_eff,consuse,SFLN2-CU,0.697979999394087
lat_SFLN2-CU,lat,consuse,SFLN2-CU,41.3
lzfpm_SFLN2-CU,lzfpm,sac,SFLN2-CU,134.722212033179
lzfsm_SFLN2-CU,lzfsm,sac,SFLN2-CU,139.638585478692
lzpk_SFLN2-CU,lzpk,sac,SFLN2-CU,0.00101353493375327
lzsk_SFLN2-CU,lzsk,sac,SFLN2-CU,0.0437042029572783
lztwm_SFLN2-CU,lztwm,sac,SFLN2-CU,260.920684996572
map_lower_01_SFLN2-CU,map_lower_01,fa_limit,SFLN2-CU,21.1186600153846
map_lower_02_SFLN2-CU,map_lower_02,fa_limit,SFLN2-CU,16.8593203384615
map_lower_03_SFLN2-CU,map_lower_03,fa_limit,SFLN2-CU,23.7412295538462
map_lower_04_SFLN2-CU,map_lower_04,fa_limit,SFLN2-CU,25.886385972973
map_lower_05_SFLN2-CU,map_lower_05,fa_limit,SFLN2-CU,34.1428619189189
map_lower_06_SFLN2-CU,map_lower_06,fa_limit,SFLN2-CU,17.9347388594595
map_lower_07_SFLN2-CU,map_lower_07,fa_limit,SFLN2-CU,7.4412450972973
map_lower_08_SFLN2-CU,map_lower_08,fa_limit,SFLN2-CU,7.11749807027027
map_lower_09_SFLN2-CU,map_lower_09,fa_limit,SFLN2-CU,12.5639486756757
map_lower_10_SFLN2-CU,map_lower_10,fa_limit,SFLN2-CU,19.163488572973
map_lower_11_SFLN2-CU,map_lower_11,fa_limit,SFLN2-CU,24.8394654473684
map_lower_12_SFLN2-CU,map_lower_12,fa_limit,SFLN2-CU,24.3580579105263
map_upper_01_SFLN2-CU,map_upper_01,fa_limit,SFLN2-CU,46.1972377777778
map_upper_02_SFLN2-CU,map_upper_02,fa_limit,SFLN2-CU,34.2668577777778
map_upper_03_SFLN2-CU,map_upper_03,fa_limit,SFLN2-CU,44.1365529282051
map_upper_04_SFLN2-CU,map_upper_04,fa_limit,SFLN2-CU,55.7844738564103
map_upper_05_SFLN2-CU,map_upper_05,fa_limit,SFLN2-CU,61.4767402051282
map_upper_06_SFLN2-CU,map_upper_06,fa_limit,SFLN2-CU,33.5465980102564
map_upper_07_SFLN2-CU,map_upper_07,fa_limit,SFLN2-CU,18.4094510769231
map_upper_08_SFLN2-CU,map_upper_08,fa_limit,SFLN2-CU,20.4700404051282
map_upper_09_SFLN2-CU,map_upper_09,fa_limit,SFLN2-CU,27.2808739076923
map_upper_10_SFLN2-CU,map_upper_10,fa_limit,SFLN2-CU,30.772735
map_upper_11_SFLN2-CU,map_upper_11,fa_limit,SFLN2-CU,40.0937823578947
map_upper_12_SFLN2-CU,map_upper_12,fa_limit,SFLN2-CU,48.955325
mat_lower_01_SFLN2-CU,mat_lower_01,fa_limit,SFLN2-CU,-5.53384615384615
mat_lower_02_SFLN2-CU,mat_lower_02,fa_limit,SFLN2-CU,-4.18961538461538
mat_lower_03_SFLN2-CU,mat_lower_03,fa_limit,SFLN2-CU,0.0288461538461546
mat_lower_04_SFLN2-CU,mat_lower_04,fa_limit,SFLN2-CU,3.31781635802472
mat_lower_05_SFLN2-CU,mat_lower_05,fa_limit,SFLN2-CU,7.74303614097978
mat_lower_06_SFLN2-CU,mat_lower_06,fa_limit,SFLN2-CU,12.4382947530863
mat_lower_07_SFLN2-CU,mat_lower_07,fa_limit,SFLN2-CU,16.891875
mat_lower_08_SFLN2-CU,mat_lower_08,fa_limit,SFLN2-CU,16.227
mat_lower_09_SFLN2-CU,mat_lower_09,fa_limit,SFLN2-CU,11.6876381172839
mat_lower_10_SFLN2-CU,mat_lower_10,fa_limit,SFLN2-CU,5.58186858504401
mat_lower_11_SFLN2-CU,mat_lower_11,fa_limit,SFLN2-CU,-0.320858585858662
mat_lower_12_SFLN2-CU,mat_lower_12,fa_limit,SFLN2-CU,-5.11342105263158
mat_upper_01_SFLN2-CU,mat_upper_01,fa_limit,SFLN2-CU,-3.87605263157895
mat_upper_02_SFLN2-CU,mat_upper_02,fa_limit,SFLN2-CU,-2.16236842105263
mat_upper_03_SFLN2-CU,mat_upper_03,fa_limit,SFLN2-CU,1.85118421052632
mat_upper_04_SFLN2-CU,mat_upper_04,fa_limit,SFLN2-CU,5.40736842105263
mat_upper_05_SFLN2-CU,mat_upper_05,fa_limit,SFLN2-CU,11.4329487179487
mat_upper_06_SFLN2-CU,mat_upper_06,fa_limit,SFLN2-CU,18.0724358974359
mat_upper_07_SFLN2-CU,mat_upper_07,fa_limit,SFLN2-CU,24.188717948718
mat_upper_08_SFLN2-CU,mat_upper_08,fa_limit,SFLN2-CU,23.2523076923077
mat_upper_09_SFLN2-CU,mat_upper_09,fa_limit,SFLN2-CU,17.1769230769231
mat_upper_10_SFLN2-CU,mat_upper_10,fa_limit,SFLN2-CU,9.18934210526316
mat_upper_11_SFLN2-CU,mat_upper_11,fa_limit,SFLN2-CU,0.665789473684211
mat_upper_12_SFLN2-CU,mat_upper_12,fa_limit,SFLN2-CU,-3.77328947368421
mbase_SFLN2-CU,mbase,snow,SFLN2-CU,0
mfmax_SFLN2-CU,mfmax,snow,SFLN2-CU,1.08635857647508
mfmin_SFLN2-CU,mfmin,snow,SFLN2-CU,0.37625453810992
min_flow_SFLN2-CU,min_flow,consuse,SFLN2-CU,0.02
nmf_SFLN2-CU,nmf,snow,SFLN2-CU,0.15
pctim_SFLN2-CU,pctim,sac,SFLN2-CU,0.00174886046158865
peadj_SFLN2-CU,peadj,sac,SFLN2-CU,1
peadj_01_SFLN2-CU,peadj_01,sac,SFLN2-CU,0.2
peadj_02_SFLN2-CU,peadj_02,sac,SFLN2-CU,0.2
peadj_03_SFLN2-CU,peadj_03,sac,SFLN2-CU,0.2
peadj_04_SFLN2-CU,peadj_04,sac,SFLN2-CU,0.2
peadj_05_SFLN2-CU,peadj_05,sac,SFLN2-CU,0
peadj_06_SFLN2-CU,peadj_06,sac,SFLN2-CU,0
peadj_07_SFLN2-CU,peadj_07,sac,SFLN2-CU,0
peadj_08_SFLN2-CU,peadj_08,sac,SFLN2-CU,0
peadj_09_SFLN2-CU,peadj_09,sac,SFLN2-CU,0
peadj_10_SFLN2-CU,peadj_10,sac,SFLN2-CU,0
peadj_11_SFLN2-CU,peadj_11,sac,SFLN2-CU,0.2
peadj_12_SFLN2-CU,peadj_12,sac,SFLN2-CU,0.2
peadj_cu_01_SFLN2-CU,peadj_cu_01,consuse,SFLN2-CU,0
peadj_cu_02_SFLN2-CU,peadj_cu_02,consuse,SFLN2-CU,0
peadj_cu_03_SFLN2-CU,peadj_cu_03,consuse,SFLN2-CU,0
peadj_cu_04_SFLN2-CU,peadj_cu_04,consuse,SFLN2-CU,0
peadj_cu_05_SFLN2-CU,peadj_cu_05,consuse,SFLN2-CU,0.05
peadj_cu_06_SFLN2-CU,peadj_cu_06,consuse,SFLN2-CU,0.12
peadj_cu_07_SFLN2-CU,peadj_cu_07,consuse,SFLN2-CU,0.16
peadj_cu_08_SFLN2-CU,peadj_cu_08,consuse,SFLN2-CU,0.14
peadj_cu_09_SFLN2-CU,peadj_cu_09,consuse,SFLN2-CU,0.12
peadj_cu_10_SFLN2-CU,peadj_cu_10,consuse,SFLN2-CU,0.11
peadj_cu_11_SFLN2-CU,peadj_cu_11,consuse,SFLN2-CU,0
peadj_cu_12_SFLN2-CU,peadj_cu_12,consuse,SFLN2-CU,0
pet_lower_01_SFLN2-CU,pet_lower_01,fa_limit,SFLN2-CU,0.668301146450526
pet_lower_02_SFLN2-CU,pet_lower_02,fa_limit,SFLN2-CU,2.78102056097564
pet_lower_03_SFLN2-CU,pet_lower_03,fa_limit,SFLN2-CU,22.1596759341692
pet_lower_04_SFLN2-CU,pet_lower_04,fa_limit,SFLN2-CU,41.1790975716923
pet_lower_05_SFLN2-CU,pet_lower_05,fa_limit,SFLN2-CU,67.8198657863077
pet_lower_06_SFLN2-CU,pet_lower_06,fa_limit,SFLN2-CU,86.5287920658462
pet_lower_07_SFLN2-CU,pet_lower_07,fa_limit,SFLN2-CU,103.511404590462
pet_lower_08_SFLN2-CU,pet_lower_08,fa_limit,SFLN2-CU,85.3345803904615
pet_lower_09_SFLN2-CU,pet_lower_09,fa_limit,SFLN2-CU,49.7204255584616
pet_lower_10_SFLN2-CU,pet_lower_10,fa_limit,SFLN2-CU,17.7616077388615
pet_lower_11_SFLN2-CU,pet_lower_11,fa_limit,SFLN2-CU,2.92084184436
pet_lower_12_SFLN2-CU,pet_lower_12,fa_limit,SFLN2-CU,0.0323952907951611
pet_upper_01_SFLN2-CU,pet_upper_01,fa_limit,SFLN2-CU,16.5565329723081
pet_upper_02_SFLN2-CU,pet_upper_02,fa_limit,SFLN2-CU,25.0310770485243
pet_upper_03_SFLN2-CU,pet_upper_03,fa_limit,SFLN2-CU,50.8474242438919
pet_upper_04_SFLN2-CU,pet_upper_04,fa_limit,SFLN2-CU,98.0012675012105
pet_upper_05_SFLN2-CU,pet_upper_05,fa_limit,SFLN2-CU,149.460410194526
pet_upper_06_SFLN2-CU,pet_upper_06,fa_limit,SFLN2-CU,189.537019084368
pet_upper_07_SFLN2-CU,pet_upper_07,fa_limit,SFLN2-CU,228.857608410895
pet_upper_08_SFLN2-CU,pet_upper_08,fa_limit,SFLN2-CU,210.225012239
pet_upper_09_SFLN2-CU,pet_upper_09,fa_limit,SFLN2-CU,152.293153710211
pet_upper_10_SFLN2-CU,pet_upper_10,fa_limit,SFLN2-CU,98.5738299364211
pet_upper_11_SFLN2-CU,pet_upper_11,fa_limit,SFLN2-CU,31.2502667517137
pet_upper_12_SFLN2-CU,pet_upper_12,fa_limit,SFLN2-CU,14.9213183341444
pfree_SFLN2-CU,pfree,sac,SFLN2-CU,0.211602838437474
plwhc_SFLN2-CU,plwhc,snow,SFLN2-CU,0.04
ptps_lower_01_SFLN2-CU,ptps_lower_01,fa_limit,SFLN2-CU,0.697481538461539
ptps_lower_02_SFLN2-CU,ptps_lower_02,fa_limit,SFLN2-CU,0.651962307692308
ptps_lower_03_SFLN2-CU,ptps_lower_03,fa_limit,SFLN2-CU,0.463396153846154
ptps_lower_04_SFLN2-CU,ptps_lower_04,fa_limit,SFLN2-CU,0.258856153846154
ptps_lower_05_SFLN2-CU,ptps_lower_05,fa_limit,SFLN2-CU,0.0618784615384615
ptps_lower_06_SFLN2-CU,ptps_lower_06,fa_limit,SFLN2-CU,0.00641307692307692
ptps_lower_07_SFLN2-CU,ptps_lower_07,fa_limit,SFLN2-CU,0
ptps_lower_08_SFLN2-CU,ptps_lower_08,fa_limit,SFLN2-CU,0
ptps_lower_09_SFLN2-CU,ptps_lower_09,fa_limit,SFLN2-CU,0.00785076923076923
ptps_lower_10_SFLN2-CU,ptps_lower_10,fa_limit,SFLN2-CU,0.124893947368421
ptps_lower_11_SFLN2-CU,ptps_lower_11,fa_limit,SFLN2-CU,0.475998157894737
ptps_lower_12_SFLN2-CU,ptps_lower_12,fa_limit,SFLN2-CU,0.697995
ptps_upper_01_SFLN2-CU,ptps_upper_01,fa_limit,SFLN2-CU,0.973294728483287
ptps_upper_02_SFLN2-CU,ptps_upper_02,fa_limit,SFLN2-CU,0.898859461054285
ptps_upper_03_SFLN2-CU,ptps_upper_03,fa_limit,SFLN2-CU,0.782672341696535
ptps_upper_04_SFLN2-CU,ptps_upper_04,fa_limit,SFLN2-CU,0.59037577160494
ptps_upper_05_SFLN2-CU,ptps_upper_05,fa_limit,SFLN2-CU,0.26820516726404
ptps_upper_06_SFLN2-CU,ptps_upper_06,fa_limit,SFLN2-CU,0.0860746604938265
ptps_upper_07_SFLN2-CU,ptps_upper_07,fa_limit,SFLN2-CU,0.0141636499402628
ptps_upper_08_SFLN2-CU,ptps_upper_08,fa_limit,SFLN2-CU,0.0259521804062126
ptps_upper_09_SFLN2-CU,ptps_upper_09,fa_limit,SFLN2-CU,0.148411049382715
ptps_upper_10_SFLN2-CU,ptps_upper_10,fa_limit,SFLN2-CU,0.443344422043012
ptps_upper_11_SFLN2-CU,ptps_upper_11,fa_limit,SFLN2-CU,0.784517361111113
ptps_upper_12_SFLN2-CU,ptps_upper_12,fa_limit,SFLN2-CU,0.972477486559138
pxadj_SFLN2-CU,pxadj,sac,SFLN2-CU,1
rexp_SFLN2-CU,rexp,sac,SFLN2-CU,1.36622976847777
rf_accum_rate_SFLN2-CU,rf_accum_rate,consuse,SFLN2-CU,0.288544725315772
rf_decay_rate_SFLN2-CU,rf_decay_rate,consuse,SFLN2-CU,1e-04
riva_SFLN2-CU,riva,sac,SFLN2-CU,0.00156915071751543
rserv_SFLN2-CU,rserv,sac,SFLN2-CU,0.3
scf_SFLN2-CU,scf,snow,SFLN2-CU,0.830279924529842
si_SFLN2-CU,si,snow,SFLN2-CU,4725.78170213785
side_SFLN2-CU,side,sac,SFLN2-CU,0
tipm_SFLN2-CU,tipm,snow,SFLN2-CU,0.12
uadj_SFLN2-CU,uadj,snow,SFLN2-CU,0.0879200006082633
unit_shape_SFLN2-CU,unit_shape,uh,SFLN2-CU,2.90109352264508
unit_toc_SFLN2-CU,unit_toc,uh,SFLN2-CU,71.75181858
unit_toc_adj_SFLN2-CU,unit_toc_adj,uh,SFLN2-CU,1.24222941514418
uzfwm_SFLN2-CU,uzfwm,sac,SFLN2-CU,77.1635242127765
uzk_SFLN2-CU,uzk,sac,SFLN2-CU,0.35269065994257
uztwm_SFLN2-CU,uztwm,sac,SFLN2-CU,106.02783164511
zone_area_SFLN2-CU,zone_area,uh,SFLN2-CU,74
zperc_SFLN2-CU,zperc,sac,SFLN2-CU,194.117579260321
